age,experience_years,education_level,technical_skill_score,communication_score,certifications_count,avg_daily_focus_hours,remote_work_ratio,sleep_hours,stress_level,project_complexity,team_size,manager_rating,productivity_score
27,18,4,99,79,6,5.22,0.41,8.34,1,5,2,3,100.0
40,6,5,96,46,6,5.0,0.07,8.52,3,5,8,4,76.01874766867991
49,5,4,70,69,5,3.64,0.58,4.0,2,3,2,3,70.44686146000899
35,1,5,59,46,3,5.2,0.85,6.97,9,4,10,3,35.7853827691176
31,5,3,63,42,8,3.3,0.73,7.6,3,4,4,4,65.26717694359046
28,17,1,64,40,5,8.47,0.36,7.09,2,3,13,2,84.26591343564233
49,1,3,75,75,3,5.79,0.09,4.41,4,4,4,5,67.4620231170973
41,17,3,60,64,2,6.11,0.2,5.09,2,3,7,1,79.61276704642837
27,14,2,69,76,3,9.26,0.55,5.25,1,1,11,5,100.0
46,18,2,63,40,2,7.61,0.21,8.16,6,5,7,1,76.51606251792424
39,1,2,83,54,1,3.06,0.54,6.32,10,5,14,5,50.10822784637158
43,19,2,81,76,4,9.6,0.23,6.43,8,4,12,3,100.0
31,24,5,69,52,1,4.66,0.85,8.67,10,2,12,2,84.8487450273922
31,5,4,61,79,5,3.75,0.4,7.19,10,5,7,3,50.91238517308402
44,0,1,67,47,2,8.38,0.25,8.49,2,3,14,2,60.3722572482311
41,23,3,46,44,5,6.5,0.81,6.28,9,2,2,4,81.60284032212242
24,14,5,74,99,9,6.04,0.34,4.75,3,2,6,1,95.98024524964006
28,22,1,94,48,8,4.75,0.11,8.65,8,5,13,1,91.09334883322933
44,9,5,67,40,0,6.83,0.57,6.29,8,5,7,4,61.74702390600434
23,18,5,53,75,5,4.92,0.58,4.91,3,5,9,5,100.0
42,16,3,95,74,8,9.31,0.71,5.51,3,3,14,4,100.0
41,4,4,49,41,3,4.51,0.24,4.25,6,2,2,4,52.96635807703849
22,3,2,55,79,1,9.19,0.44,6.34,1,4,6,2,62.04479498003694
44,9,4,55,62,3,6.92,0.28,8.27,4,3,4,4,74.6015020508047
32,23,3,93,48,0,8.8,0.08,8.67,1,1,3,1,100.0
26,16,3,70,73,2,7.99,0.88,8.66,3,5,12,3,97.38285457024475
22,9,3,81,85,9,7.88,0.73,4.63,9,2,9,2,87.16476694200172
48,16,1,64,53,8,5.27,0.3,5.91,5,3,8,2,83.71165293855819
41,19,4,52,43,9,4.64,0.6,4.14,5,1,11,5,87.35981239389646
21,23,4,45,69,4,4.48,0.2,8.28,4,3,8,3,94.46416866496027
32,4,5,83,70,5,9.0,0.89,5.79,3,3,6,2,77.56161761480607
46,1,5,48,77,2,8.74,0.11,7.16,5,4,13,4,67.9790294580955
42,5,5,84,50,4,6.08,0.0,7.57,4,4,14,2,69.20746772170185
49,20,3,75,74,7,3.93,0.5,6.15,8,3,10,2,82.39988546547171
32,1,4,95,47,5,5.68,0.58,5.53,4,1,6,2,65.85087119495293
45,12,3,82,42,3,7.34,0.58,8.81,8,2,3,5,87.52955303080202
37,10,1,59,53,1,6.18,0.05,8.82,6,2,4,2,63.98591789808463
47,10,5,57,99,8,8.46,0.31,5.45,5,5,5,2,86.77790537372799
47,15,3,97,52,0,9.98,0.5,6.4,4,5,6,5,100.0
30,10,3,82,84,0,4.34,0.22,8.86,4,2,14,3,82.92742907786999
48,18,1,96,71,3,6.22,0.87,4.02,4,3,4,1,90.90309833386732
48,14,2,60,73,6,6.02,0.09,6.06,9,3,13,5,80.6309518837144
36,24,4,43,84,0,5.13,0.49,4.5,4,4,8,5,100.0
35,22,2,89,58,8,4.39,0.69,6.55,9,4,6,2,82.0531895268442
35,22,5,72,98,3,3.46,0.26,4.12,10,5,6,2,83.85011930281435
39,15,3,66,77,2,9.21,0.62,6.03,6,2,7,1,87.21469484271024
32,10,1,46,55,0,5.94,0.83,5.1,10,3,8,2,34.39248738193888
43,21,1,45,41,9,6.48,0.19,6.67,7,2,11,4,92.45831670194818
40,15,4,54,79,3,9.42,0.92,8.98,10,1,11,2,89.13987262803991
45,7,2,57,56,8,8.43,0.55,8.0,3,2,9,2,71.3041173464203
23,3,4,71,94,9,3.91,0.3,8.23,8,1,10,4,70.89295807474714
25,7,3,95,73,5,6.96,0.43,7.18,3,4,12,1,72.45547350003106
39,3,4,50,81,5,6.1,0.31,4.21,1,4,5,4,67.45526847969117
27,23,1,59,99,0,8.58,0.73,5.03,10,5,6,5,100.0
41,24,1,63,55,9,8.07,0.8,8.63,5,2,6,4,100.0
29,2,5,54,77,1,7.83,0.83,5.83,2,2,9,3,68.17475344281462
27,2,5,87,99,5,5.38,0.99,4.52,10,1,10,5,71.47767711786742
38,17,3,46,41,1,8.63,0.79,7.51,6,4,8,2,65.81433342951189
24,18,2,60,41,2,3.37,0.6,5.5,10,1,6,5,67.88538396551169
45,18,4,81,65,3,4.12,0.34,5.34,9,4,4,1,76.05215162821116
48,20,3,65,52,4,5.35,0.54,8.99,1,1,2,1,93.21446074172867
34,4,5,83,95,8,3.54,0.04,8.29,4,4,12,4,72.66855822021758
38,17,4,95,86,3,4.64,0.74,6.04,1,1,10,5,100.0
46,9,5,53,70,8,8.81,0.45,8.9,1,4,6,2,89.63798981641975
29,21,4,96,99,9,9.64,0.02,7.25,8,1,10,1,100.0
46,20,2,76,73,2,5.13,0.06,7.71,2,2,11,2,92.94105399892078
41,5,3,97,78,7,4.85,0.39,4.16,1,5,13,3,74.37348360531423
22,0,4,60,42,0,4.96,0.58,4.61,8,1,14,1,25.744767283892273
40,4,1,57,47,8,4.94,0.46,7.17,4,5,5,4,67.36524317968353
48,8,1,44,62,8,3.25,0.62,8.5,3,2,6,3,70.62188482553604
35,11,4,42,53,9,9.49,0.48,7.12,4,2,5,5,98.22201632462581
48,13,4,62,95,1,4.5,0.66,4.67,5,4,3,2,69.74559794266943
27,1,4,65,94,3,5.94,0.22,4.58,1,5,13,1,54.53626618969692
32,16,1,76,66,7,3.07,0.11,8.22,1,3,2,3,92.4483579777282
49,13,1,63,93,6,9.01,0.6,4.7,3,4,9,3,100.0
28,12,4,88,68,0,8.12,0.48,6.6,6,5,5,1,77.9109530611788
35,8,5,58,78,4,9.63,0.03,4.19,1,1,6,5,99.08106617538866
23,24,5,90,92,6,8.47,0.38,4.4,2,1,7,5,100.0
34,14,2,64,78,3,5.2,0.11,7.36,7,2,9,4,82.36201887888528
37,24,3,60,40,0,4.74,0.53,7.45,1,3,12,5,99.98522275032549
24,21,5,51,56,8,7.88,0.4,5.71,7,1,9,4,100.0
38,14,1,96,80,4,5.55,0.61,5.08,4,5,8,3,81.75851735118862
28,23,5,80,69,1,6.96,0.81,8.07,10,5,5,1,85.08016847282677
24,10,2,72,92,7,3.04,0.3,5.09,6,1,7,5,85.75600803683352
22,15,2,89,52,1,3.43,0.96,6.71,8,5,5,4,78.6309215993568
26,16,3,92,60,2,6.75,0.54,8.84,9,5,8,3,84.37461679325095
42,3,5,43,58,9,6.96,0.62,4.74,6,2,13,5,70.57551084920829
30,0,1,81,92,0,8.26,0.68,8.7,9,3,14,2,56.29316898773275
24,7,1,96,58,1,3.92,0.67,4.91,4,2,13,3,63.382088439396234
42,16,4,46,96,6,6.59,0.51,6.84,6,3,14,5,100.0
49,2,1,61,64,9,4.36,0.43,5.89,8,5,14,3,43.457071214932654
38,19,3,94,61,1,3.65,0.05,8.82,9,3,12,1,74.14248690407183
46,14,3,72,70,5,5.87,0.02,5.37,3,5,2,1,79.38807170543012
32,14,1,56,56,2,4.14,0.36,6.0,2,5,6,1,55.104727118142875
22,23,1,63,94,3,4.55,0.33,8.91,6,2,11,2,95.19471029048024
30,21,4,73,62,7,5.22,0.39,6.68,4,2,13,1,96.86993375853149
24,13,1,67,71,2,4.82,0.14,6.51,1,4,11,2,74.48562013021103
34,22,4,97,49,9,3.61,0.74,5.29,8,1,5,1,88.66789000578696
36,13,4,82,49,5,3.63,0.86,7.51,9,4,12,3,69.25088701714199
35,23,1,80,75,0,4.35,0.94,4.07,9,4,8,5,95.86157500580404
28,1,2,78,47,6,3.35,0.49,4.25,2,3,14,5,66.48409544627022
34,12,2,61,93,7,7.39,0.7,7.0,9,5,10,1,72.11420886177443
43,13,4,88,91,7,5.01,0.86,5.71,7,5,6,5,91.79718491512202
48,23,1,56,59,2,4.96,0.42,8.77,5,5,5,1,90.34090726332383
45,18,2,73,71,9,5.32,0.31,8.52,7,1,10,1,88.56834579875957
28,6,1,45,89,0,7.64,0.94,7.57,9,3,6,4,55.39443318265608
41,2,1,85,53,8,9.09,0.52,8.09,8,3,10,4,75.14213637605067
36,14,1,45,89,5,8.31,0.5,7.34,6,5,9,4,87.32529476844441
33,22,5,73,67,8,8.09,0.18,4.63,4,4,5,2,100.0
38,13,1,40,85,6,6.39,0.11,7.83,1,1,12,4,100.0
35,10,5,49,91,0,7.86,0.84,5.05,6,4,12,1,56.83126090997697
41,14,4,60,92,0,6.87,0.61,5.62,3,2,8,3,88.19718534396853
44,12,2,44,63,5,4.51,0.33,8.1,6,3,6,4,65.01663487535744
46,17,2,41,54,4,4.46,0.19,6.68,6,3,11,4,73.27487614301987
45,5,2,61,61,8,5.07,0.56,8.3,4,4,5,3,74.39057974947517
48,2,2,87,69,1,9.38,0.58,5.07,2,1,6,1,73.44722527860945
48,18,2,96,43,7,6.83,0.21,7.04,9,3,6,2,91.23685297594194
48,14,2,41,52,4,8.14,0.85,4.42,2,4,12,4,82.42259385936073
33,24,2,49,98,1,5.43,0.08,7.22,3,1,10,3,100.0
29,22,4,73,62,9,5.85,0.36,7.81,10,4,13,1,96.4656076077925
49,4,1,55,47,5,3.88,0.68,6.92,1,1,10,5,72.03681123218455
35,9,3,87,57,9,4.2,0.27,5.33,7,5,7,2,66.40142574178547
33,6,5,90,51,7,8.79,0.83,4.16,1,1,5,3,96.7730362848497
21,24,3,78,94,3,7.09,0.74,4.6,9,2,3,3,100.0
45,16,3,61,70,1,5.36,0.79,7.11,1,5,4,3,80.18280173074061
27,6,1,51,53,4,8.62,0.12,8.67,5,4,3,4,67.91595875738962
29,21,1,63,73,1,4.73,0.14,5.03,7,5,6,5,100.0
44,11,1,86,57,1,9.83,0.29,7.68,3,5,7,2,86.6500129172332
21,24,2,79,95,5,5.41,0.52,8.33,9,4,12,1,86.5847899434523
32,16,4,77,73,9,5.36,0.75,6.6,8,4,6,1,83.83105074123206
28,12,2,99,50,8,5.18,0.84,7.35,3,2,3,5,100.0
44,19,4,98,80,3,3.85,0.7,8.08,5,4,13,3,90.92810909923637
31,24,4,49,51,5,3.78,0.93,5.3,7,3,6,3,82.95578851658261
39,3,3,74,88,6,7.54,0.74,5.48,4,3,10,3,84.18885477479259
37,9,3,90,54,5,9.13,0.31,4.0,5,2,5,3,89.86456234413114
28,2,4,88,96,7,8.53,0.27,8.82,3,1,13,3,89.47560888604355
23,8,4,71,70,3,3.99,0.7,8.59,9,1,11,5,61.589709850607605
23,12,2,46,88,0,6.82,0.19,7.82,10,3,3,4,72.71283154240433
21,17,2,60,97,6,3.74,0.09,4.4,9,4,4,2,74.67765481624687
47,14,3,59,68,2,3.32,0.53,6.24,7,2,4,3,56.405085324216145
25,3,1,65,65,5,7.59,0.82,4.51,10,1,10,4,55.40681242616873
30,14,4,43,57,1,6.75,0.1,4.08,2,1,5,1,69.74209692408651
27,21,2,85,71,8,3.57,0.79,7.08,7,5,2,5,97.54578853418681
46,1,3,91,61,0,3.24,0.81,8.8,7,3,2,4,44.140191231500104
29,14,2,61,77,5,9.93,0.48,8.51,5,4,8,3,100.0
48,7,4,54,56,5,3.21,0.06,7.48,9,2,8,3,53.06761506833052
27,7,4,95,62,4,6.11,0.17,4.48,3,1,3,3,70.8432748850283
29,16,5,79,63,4,6.53,0.71,5.37,4,5,10,4,92.81839044389748
28,11,1,60,89,0,3.82,0.71,5.6,1,3,10,3,74.31253296323065
32,18,5,54,47,9,4.18,0.9,7.82,6,3,6,4,79.75533033031681
22,9,3,61,80,4,5.46,0.58,8.01,4,2,4,3,78.35193152767971
21,8,2,91,45,1,8.33,0.12,5.93,1,1,4,1,69.08305337430039
36,4,3,67,44,6,6.55,0.12,6.09,2,2,13,1,68.03473478885185
43,5,4,53,83,2,7.47,0.72,4.22,3,2,4,2,74.11764990861441
43,19,5,66,96,3,9.9,0.18,5.45,9,5,7,3,100.0
44,1,5,80,68,2,8.38,0.33,6.26,8,3,5,3,51.368353728835444
25,23,5,79,67,2,6.04,0.49,4.58,7,4,9,4,93.36551320749932
23,12,3,97,50,3,6.13,0.02,6.27,4,3,14,4,92.95336017126365
32,5,4,67,96,4,7.33,0.25,8.27,1,3,12,3,88.70340027532988
28,4,2,65,40,0,7.66,0.41,6.91,8,5,14,2,47.02476330679286
42,24,2,88,82,3,6.5,0.28,4.39,4,4,12,3,100.0
47,0,3,41,58,7,7.51,0.14,4.96,3,1,12,4,72.31413680982517
23,20,5,64,48,9,3.16,0.73,6.37,9,4,6,3,80.79125197764617
21,21,1,95,66,6,6.01,0.81,5.81,10,1,2,4,100.0
23,20,3,42,73,8,4.95,0.26,5.79,4,4,10,3,85.20911396037299
25,5,3,47,83,4,3.9,0.77,6.65,4,2,2,5,65.90947297392101
35,5,4,83,43,9,3.7,0.39,6.92,9,4,7,4,59.37555798834551
34,22,2,72,75,3,7.22,0.51,7.98,2,5,2,2,98.51157713337872
23,15,3,81,57,7,6.67,0.86,5.7,5,1,4,5,100.0
21,3,3,91,54,8,4.78,0.75,8.03,4,3,11,3,64.62810516460259
25,10,5,74,90,6,6.3,0.81,5.69,9,5,6,4,84.16666168173585
46,23,5,45,52,6,6.45,0.14,4.28,5,1,11,5,100.0
43,22,1,78,58,4,4.37,0.07,6.77,9,1,8,2,84.31198155580843
34,8,4,91,88,3,7.56,0.89,6.94,9,3,11,4,82.52420303913044
27,22,1,62,45,9,8.47,0.39,8.67,2,2,9,5,100.0
47,2,5,64,87,0,8.54,0.29,7.63,9,5,13,5,55.70153618440368
29,18,2,98,95,9,7.22,0.72,8.59,3,3,10,5,100.0
35,7,5,89,51,9,6.58,0.84,8.54,4,3,7,1,74.6803596479545
35,4,4,82,90,6,3.43,0.86,7.02,1,2,12,3,77.59600906244512
46,3,5,58,76,0,5.01,0.32,6.64,1,5,10,4,60.85578183448003
30,23,4,44,56,0,3.65,0.85,6.79,1,3,9,4,84.25611166751351
48,5,4,90,97,4,9.75,0.04,8.89,9,2,10,4,86.24635558553922
33,1,4,50,62,8,3.95,0.05,7.87,8,5,11,5,45.65972339709223
39,19,4,95,65,5,4.06,0.62,4.53,5,4,5,3,78.13516631274683
27,10,4,51,68,2,9.23,0.06,7.89,5,1,10,2,91.46792765761475
37,3,2,49,72,2,9.61,0.32,4.85,9,2,8,4,57.93674637023545
40,14,1,47,99,6,8.36,0.67,6.24,3,1,6,3,96.76423922927597
49,5,3,63,66,5,3.04,0.34,5.05,3,4,6,3,51.98781938819704
24,21,1,99,64,8,3.01,0.18,7.45,7,3,2,1,85.74253522651414
25,16,4,67,95,5,5.65,0.28,8.39,9,3,3,4,88.10663842542941
43,23,2,80,94,4,4.0,0.46,5.45,6,5,11,5,100.0
27,5,5,75,49,9,3.13,0.48,4.41,2,2,4,3,69.2182566422616
33,18,2,76,86,6,6.25,0.78,5.49,1,2,9,3,100.0
35,24,4,60,62,0,9.6,0.75,7.36,2,5,7,2,100.0
31,1,2,47,60,6,5.27,0.46,5.64,1,1,13,1,50.78801734732458
49,14,2,94,60,2,7.63,0.85,5.39,10,3,11,3,81.69574697787833
24,10,4,48,82,8,7.57,0.11,4.92,10,3,12,3,68.40214967393509
33,7,2,86,52,5,4.76,0.26,6.49,9,2,14,5,79.40566750476285
27,18,3,54,76,8,7.55,0.83,5.38,10,2,6,5,100.0
47,12,3,87,72,4,4.49,0.38,7.66,8,5,14,2,67.70506315233317
39,11,2,85,63,6,3.85,0.98,4.38,7,4,2,2,66.65278359064637
42,4,5,79,83,3,7.91,0.47,7.32,3,1,13,2,76.87080271681631
48,5,4,57,50,6,3.79,0.79,5.19,8,4,12,5,54.778087106945996
22,21,3,81,56,0,9.98,0.4,6.45,2,4,13,5,100.0
30,3,5,99,43,6,4.28,0.42,5.43,2,2,10,1,68.55333725712687
33,18,2,59,86,7,7.16,0.38,7.61,10,2,4,4,94.74431109877808
45,19,5,45,64,4,5.88,0.72,8.73,3,2,4,4,100.0
41,0,1,51,69,1,3.88,0.55,8.59,7,4,3,1,28.349078553812912
26,19,3,41,48,4,3.19,0.94,6.92,1,1,5,4,75.36456674935154
48,16,2,46,60,5,7.36,0.25,6.31,8,2,13,5,81.97188275075474
48,11,4,55,59,1,8.65,0.1,8.09,7,3,3,4,64.51972446640869
32,14,2,42,58,5,8.89,0.39,7.42,4,1,14,5,90.39975972840551
32,0,4,84,58,5,6.38,0.62,4.92,5,3,10,1,44.7719916290531
40,13,2,42,51,0,8.44,0.86,8.1,10,1,13,2,61.882837451909204
31,5,5,66,76,0,7.71,0.35,6.14,1,2,11,1,65.54957329196861
46,4,5,89,81,9,8.07,0.65,4.94,4,5,8,4,92.81269959014446
43,10,5,82,56,2,6.45,0.35,5.41,1,2,9,5,92.9595020866302
48,3,1,79,76,9,7.43,0.62,5.34,1,4,4,4,87.48845465927582
45,12,4,77,93,9,8.64,0.88,6.6,10,4,7,4,100.0
27,10,5,72,87,2,5.79,0.23,5.17,1,1,11,2,84.98411316929251
21,2,1,67,78,3,8.64,0.4,4.62,7,4,7,4,65.71744241248713
21,0,4,40,67,1,7.14,0.99,4.62,7,2,14,2,35.05279539965978
45,5,2,94,80,8,4.16,0.87,6.92,4,3,2,5,80.30043242165186
47,17,1,47,74,9,3.17,0.56,7.67,2,2,7,5,100.0
45,23,3,76,86,6,5.54,0.52,5.61,3,1,14,2,100.0
40,9,1,71,87,6,6.83,0.28,4.17,8,4,4,1,76.047893694745
33,4,1,99,57,5,8.88,0.52,4.64,8,3,12,5,85.13455796651408
29,22,4,87,53,2,3.89,0.85,8.57,6,5,4,1,77.90448581280228
23,9,2,82,74,5,8.6,0.69,6.47,10,3,4,5,88.75505139385159
27,11,3,76,83,7,9.04,0.29,6.27,9,3,11,5,96.11849698898031
26,1,5,43,80,7,4.05,0.2,4.19,9,2,12,3,48.87692567036885
28,12,5,69,99,8,8.96,0.27,7.64,4,5,12,4,100.0
47,7,1,45,46,0,9.94,0.17,6.64,1,1,11,4,78.17721826808108
29,1,4,85,80,0,8.09,0.1,5.01,1,1,12,1,77.05654819907369
25,19,4,93,52,2,8.49,0.42,4.55,10,3,9,4,100.0
21,0,5,58,57,2,9.96,0.11,5.92,5,3,14,1,51.268421697155354
39,4,3,71,76,9,7.24,0.17,8.19,2,4,6,5,93.07371637528969
30,8,2,48,52,7,5.16,0.55,8.33,6,5,5,3,60.80748443490092
32,16,3,51,75,9,8.86,0.16,7.01,7,3,14,3,95.98996996402147
44,8,2,50,70,0,7.3,0.06,7.64,1,4,10,5,88.46572528236506
35,10,5,85,41,1,7.07,0.32,4.58,6,5,10,2,67.49802230495345
47,14,2,94,55,1,4.78,0.22,6.94,8,1,2,2,69.3351581968447
42,23,4,55,48,2,8.29,0.52,7.33,5,4,3,4,94.83015161535695
44,5,1,40,48,5,3.57,0.1,5.0,7,5,9,1,27.374515397738865
29,22,1,84,77,0,9.47,0.75,8.4,10,4,6,3,100.0
40,2,5,94,50,1,5.28,0.91,4.97,6,3,8,4,57.33243163840472
37,16,4,92,93,0,3.89,0.74,5.57,4,2,2,5,100.0
37,4,3,60,95,4,6.1,0.53,7.1,7,1,13,3,70.48198142480686
46,11,4,69,61,6,3.3,0.86,7.19,10,3,11,1,63.44356765216144
40,17,1,52,72,7,7.79,0.69,7.5,9,3,13,1,77.77763383155822
32,13,1,73,75,9,9.32,0.01,4.56,10,5,6,2,77.81724696333386
27,20,4,43,84,0,8.86,0.39,8.25,10,4,12,4,95.24201032665363
22,23,4,67,62,6,3.89,0.85,6.66,7,1,13,5,96.38449588840464
23,10,1,77,84,4,3.88,0.35,6.36,5,3,4,3,67.55785646272105
37,8,3,97,84,9,8.69,0.04,8.91,7,5,11,1,92.8022512998345
25,1,5,70,73,0,9.47,0.75,7.7,3,1,13,3,75.8411576386874
37,11,5,98,48,2,6.22,0.8,4.59,2,4,13,5,95.08420170613091
44,2,4,94,63,6,6.49,0.16,7.78,5,3,3,3,70.52039501273262
37,2,5,66,47,9,5.23,0.54,4.48,4,3,3,4,64.69397991302372
47,0,1,44,46,0,9.26,0.19,4.14,5,3,10,2,40.425869875028305
37,7,1,64,75,6,7.51,0.72,6.02,8,1,14,3,72.81478412862292
22,21,4,42,57,4,5.02,0.27,8.97,4,1,5,2,85.32292309484639
22,7,4,72,42,0,5.09,0.32,4.87,9,1,5,5,52.89775054030289
48,10,4,43,67,0,9.24,0.84,7.36,7,1,8,2,62.41885742013771
42,8,3,64,45,0,3.1,0.48,4.87,10,5,11,3,27.440408755679023
43,4,5,59,83,8,5.26,0.67,7.62,7,2,11,3,65.46963726050157
25,13,4,73,83,2,6.88,0.4,6.53,8,5,14,1,69.03050600542163
21,2,2,65,60,4,4.04,0.3,7.4,6,3,3,3,58.0125771813259
21,20,2,44,67,9,3.64,0.63,5.01,8,5,4,2,77.39777461016278
39,4,1,74,79,8,8.71,0.15,7.73,3,4,4,1,73.3497896654231
22,4,5,67,93,5,9.26,0.37,8.98,10,1,7,3,71.47822499150134
41,18,4,68,93,8,8.77,0.21,7.33,10,4,4,3,100.0
32,13,2,48,40,7,9.29,0.7,6.47,1,4,12,5,99.908063132725
46,3,5,91,75,7,6.87,0.94,8.62,6,3,6,1,69.80142959605799
26,24,1,77,60,0,8.69,1.0,4.08,1,1,5,5,100.0
43,12,3,89,99,8,5.69,0.45,7.65,9,4,4,5,94.30677867405
24,9,5,45,82,5,7.66,0.25,8.44,2,3,9,5,87.20103354463501
43,24,5,58,74,8,9.92,0.44,4.31,2,1,11,4,100.0
31,17,3,99,52,2,4.58,0.85,6.25,7,2,4,5,89.2136435768897
44,7,5,83,96,2,5.73,0.21,5.02,2,3,7,2,72.37940358112738
47,7,1,96,88,5,6.36,0.95,6.83,10,5,14,3,80.67231965431237
37,6,1,50,93,8,3.97,0.34,7.25,8,1,8,4,68.63355075823029
26,7,3,41,93,6,3.57,0.99,5.51,6,4,8,5,65.83349274445833
44,13,4,86,49,2,8.81,0.84,6.3,7,4,3,3,80.55057841913548
25,18,2,83,92,2,9.84,0.81,5.4,7,5,4,1,96.46439554665466
40,5,4,83,83,1,5.83,0.32,5.85,6,5,13,1,61.00831943028037
22,0,5,48,86,8,3.61,0.01,4.8,10,4,11,3,44.04632238127869
26,22,2,60,92,2,3.46,0.38,8.43,9,1,11,2,86.88794543655756
42,14,3,63,49,4,9.24,0.3,4.05,9,3,5,3,76.98735608908011
31,0,3,73,85,8,6.25,0.04,8.41,7,5,8,3,60.129353791083105
36,24,2,61,52,7,5.24,0.51,6.86,9,5,3,4,90.5531094407052
36,16,1,42,76,1,6.34,0.4,5.66,10,5,4,1,57.355156994016205
21,0,2,51,77,2,5.23,0.63,7.62,3,2,8,1,50.752955040291056
29,14,5,67,63,1,6.42,0.62,6.54,3,1,8,5,96.15701922451922
48,22,1,69,41,7,9.02,0.12,6.5,1,1,11,3,100.0
47,1,3,65,61,5,7.15,0.98,4.55,5,1,4,3,61.7073819477493
26,13,2,87,56,5,7.86,0.19,5.95,4,1,13,2,88.84519472991477
36,20,4,60,75,8,5.55,0.45,5.21,2,1,2,1,100.0
49,7,4,67,53,7,8.17,0.49,4.08,9,4,13,2,64.3042918161141
23,7,5,95,49,3,7.67,0.81,5.8,3,5,4,4,83.92351126582334
40,18,4,65,74,3,3.84,0.1,4.45,8,4,6,5,85.18610081483249
48,6,2,72,64,8,7.01,0.43,5.28,6,2,8,2,70.00782813324263
47,18,2,60,42,0,4.8,0.63,4.46,5,3,5,1,67.27868023885
24,5,4,74,86,1,8.63,0.22,4.5,1,5,14,4,88.15685267914584
39,5,2,91,77,1,5.98,0.63,5.0,4,2,14,3,78.52053853950977
46,2,5,73,56,5,9.96,0.92,9.0,3,4,12,4,76.03241700407314
23,6,1,80,51,3,3.65,1.0,4.01,1,3,12,2,64.30502965865243
39,18,5,90,93,9,8.46,0.03,7.19,5,2,2,1,100.0
40,7,5,86,91,2,7.72,0.24,4.71,6,3,7,2,73.32054625470238
27,9,2,57,63,2,8.37,0.31,8.6,2,2,3,3,77.56276800283725
40,19,1,97,68,2,5.15,0.4,4.47,3,4,13,3,100.0
29,14,2,50,82,5,6.44,0.24,8.78,6,3,4,1,76.8147960349024
21,14,3,96,64,7,8.58,0.2,7.05,4,2,5,5,100.0
28,0,2,62,75,6,4.63,0.95,4.01,9,4,7,4,41.492697015212435
27,19,2,87,97,3,4.58,0.92,8.47,5,5,7,4,100.0
38,6,2,61,99,3,6.86,0.05,6.61,4,4,8,3,71.08701451067537
28,3,1,56,65,9,6.66,0.34,5.31,2,4,6,2,58.85961872685793
21,5,2,44,77,1,4.98,0.41,7.84,6,5,8,2,40.10398738075768
31,24,1,83,40,0,5.09,0.24,8.63,10,4,3,5,93.18304907517287
48,0,4,50,59,8,4.94,0.63,6.42,2,5,2,2,49.362946445445026
45,4,3,69,94,1,8.4,0.64,5.58,7,5,13,4,76.53052022509331
45,22,1,54,67,7,7.56,0.85,7.94,3,5,11,2,90.8438129479063
38,0,4,66,55,8,8.83,0.74,7.41,9,2,9,5,74.97996185743574
43,3,1,74,86,3,9.83,0.54,8.44,5,3,2,4,79.17048310116905
30,21,1,72,56,7,6.32,0.65,7.46,8,2,13,2,90.81789332021809
23,1,3,59,79,8,3.47,0.27,5.22,6,5,3,4,46.654030816758734
27,9,5,55,67,9,3.34,0.59,8.66,10,3,12,3,61.245409245713795
48,4,5,73,97,9,5.07,0.49,4.52,8,3,13,3,60.37619003003212
36,9,1,41,51,4,9.53,0.13,5.34,3,5,11,3,77.67951822298959
46,0,2,74,66,6,6.66,0.24,6.6,3,3,7,2,54.313179674791186
36,21,4,79,93,9,4.9,0.29,6.83,5,3,2,5,100.0
45,5,2,95,92,3,5.79,0.92,4.08,10,2,11,4,65.8139269165866
40,12,2,67,81,0,7.19,0.23,7.9,3,3,4,1,71.79025016303251
48,14,1,86,98,2,7.57,0.29,5.81,8,5,8,3,92.32037970549752
37,3,1,78,86,4,4.08,0.37,6.03,10,1,13,3,62.85978266810826
22,12,1,45,69,2,9.84,0.66,8.05,8,1,9,1,67.25703225529986
21,23,1,48,80,6,6.81,0.12,5.9,2,1,5,1,100.0
36,19,5,59,73,8,3.95,0.95,4.24,4,5,13,2,89.09958654536256
32,23,1,99,76,5,9.26,0.87,4.88,10,1,4,4,100.0
25,14,5,40,45,9,3.52,0.58,8.78,1,2,2,3,82.31378813646498
25,7,5,47,46,0,9.35,0.67,4.35,4,5,13,5,69.82960264247984
47,4,1,94,71,6,9.98,0.02,5.77,4,5,10,2,80.57270060621735
43,14,3,62,71,2,7.9,0.34,6.52,10,5,11,2,60.900921525489515
29,3,4,42,92,4,8.39,0.8,6.47,9,3,7,5,66.41521598962335
29,11,2,43,64,9,5.36,0.08,4.02,3,3,7,5,91.57187852324029
23,12,5,97,72,3,9.59,0.28,6.51,2,3,10,5,100.0
39,1,4,64,94,9,6.71,0.59,5.92,9,4,2,1,43.78864682905335
36,18,3,86,97,4,8.13,0.26,8.86,9,2,7,3,100.0
36,18,2,77,46,4,9.47,0.93,4.8,1,5,13,1,100.0
23,3,2,54,91,5,9.83,0.13,5.77,6,5,6,3,75.94974967743875
40,3,5,60,96,9,8.83,0.8,6.1,10,3,14,1,59.78768897108707
44,10,1,74,51,9,5.12,0.51,5.95,8,5,12,4,76.03757502494929
42,4,3,96,55,5,9.77,0.75,7.33,3,5,7,3,86.17772956575283
44,19,5,92,55,7,7.4,0.31,5.08,9,1,12,2,100.0
21,10,3,92,82,7,9.51,0.51,5.11,2,5,9,3,95.77708851899747
44,9,1,85,92,8,7.73,0.86,7.65,6,4,6,3,85.74585884685177
40,7,1,91,75,7,5.15,0.47,6.5,1,3,3,3,77.70122319381673
31,5,5,53,52,1,5.59,0.36,6.08,7,2,13,4,50.177954008275634
37,5,1,75,46,9,6.85,0.54,4.85,3,2,13,1,76.08152783734417
28,7,4,51,75,0,8.53,0.72,4.94,7,1,3,2,59.59140420022158
24,22,2,56,86,9,5.23,0.44,4.05,4,2,11,1,93.64905535089846
26,14,5,78,90,1,7.06,0.94,4.46,9,2,6,1,76.2131820874105
28,13,3,48,48,1,5.42,0.29,6.78,5,3,4,5,74.52184418393676
40,10,4,74,71,2,8.71,0.48,8.46,3,3,11,4,85.94475273524333
23,11,5,99,50,9,6.27,0.76,5.44,8,4,4,5,89.47977046407601
36,12,1,52,47,6,3.54,0.69,5.64,6,1,9,4,71.87288260322813
45,7,1,54,72,1,4.16,0.86,4.58,2,2,8,1,59.309932483458944
23,17,1,57,62,0,3.43,1.0,5.94,3,4,2,1,62.545637732554745
45,24,1,90,64,5,6.5,0.43,4.19,8,1,13,4,100.0
49,0,3,72,95,8,3.74,0.11,8.59,10,2,14,1,54.3827734471597
38,14,4,45,47,2,3.8,0.03,7.37,7,2,13,1,50.92986884627611
34,7,2,98,84,5,9.59,0.73,8.95,10,3,6,2,81.21717152107027
38,10,3,66,61,2,9.11,0.87,8.41,6,5,10,5,86.07182478197815
22,11,3,62,98,0,6.16,0.22,6.36,1,1,5,5,86.2455698242604
42,11,2,98,43,4,9.9,0.16,6.6,9,2,2,5,94.60736519150747
23,3,2,66,79,9,3.0,0.06,4.95,3,1,9,3,60.371418576631676
36,15,1,73,42,3,7.3,0.82,6.31,5,4,6,2,78.04611275616298
49,3,3,95,68,6,7.31,0.31,8.52,7,4,3,5,85.89561950918244
29,4,5,85,80,5,6.2,0.4,4.25,7,5,13,5,69.10765836639027
24,23,2,77,68,9,5.78,0.5,8.32,3,2,2,2,100.0
21,4,2,53,73,6,6.19,0.84,5.7,4,3,13,1,67.00842888433296
24,7,4,75,73,4,5.9,0.65,8.5,10,2,13,5,66.06471412298916
21,9,5,92,67,3,8.11,0.62,8.7,7,1,13,1,68.83710501386504
34,16,5,47,52,6,3.95,0.18,7.35,8,4,4,5,83.44515784695089
41,8,2,74,54,6,4.38,0.51,7.32,2,1,10,4,75.70765039101423
36,21,1,58,99,5,4.26,0.72,6.26,9,5,2,3,94.20457104864313
40,18,4,69,62,7,4.84,0.97,8.18,7,4,5,5,95.49045414085326
44,13,5,53,83,3,6.68,0.2,8.81,8,3,9,4,84.95978538336718
28,7,2,98,65,9,3.78,0.01,7.88,6,4,9,2,72.17033168047627
27,8,5,59,43,4,9.08,0.08,7.11,6,2,11,4,81.93851182364378
23,21,4,88,65,3,5.08,0.38,7.03,9,2,13,2,83.54775588709616
37,10,4,64,79,0,4.14,0.82,8.25,4,4,12,5,70.35198617988333
21,22,3,79,48,7,7.73,0.01,6.71,5,5,14,2,90.91244264452672
36,0,2,63,94,0,3.27,0.46,8.02,9,2,12,4,47.36890738878926
32,13,4,53,44,4,7.34,0.33,6.54,1,2,9,3,87.81784671657675
47,4,3,65,95,5,7.89,0.05,4.31,4,3,11,1,64.13337687335289
39,20,3,77,71,5,4.5,0.45,5.92,7,4,9,1,73.5554897584104
42,13,5,62,59,4,3.29,0.25,6.22,9,2,5,3,64.67906574312572
43,3,5,61,89,2,5.55,0.35,4.71,10,5,9,1,46.629772673860955
42,21,3,87,50,4,3.69,0.71,4.51,6,1,10,5,100.0
34,22,5,96,54,7,3.82,0.52,6.68,8,4,8,5,100.0
26,24,4,58,71,1,4.78,0.12,4.43,9,3,13,4,84.25462859926016
26,0,1,85,67,5,5.07,0.96,5.51,10,2,3,4,60.85674353883161
33,21,4,90,61,8,6.71,0.64,7.72,4,5,10,2,100.0
39,22,3,42,80,7,7.75,0.77,8.82,1,4,12,4,100.0
42,18,3,81,56,7,7.15,0.08,7.59,8,5,9,5,100.0
28,7,4,58,98,7,4.04,0.05,8.96,2,5,14,4,81.30740802418158
47,14,5,48,65,6,4.2,0.02,7.49,1,3,6,1,72.8354533500666
47,20,5,67,83,7,9.15,0.19,5.47,7,4,13,2,99.15511529375328
22,14,3,59,46,5,6.91,0.41,7.36,10,2,4,2,75.4578914487269
41,8,2,84,81,1,9.09,0.94,7.51,9,3,8,5,78.0881516244701
21,20,5,46,96,1,5.6,0.46,5.86,9,2,3,4,85.24857407436308
48,8,4,53,65,7,7.3,0.29,4.09,3,1,14,1,66.2706175632885
35,9,5,48,64,0,6.67,0.56,7.52,6,5,4,4,67.65433588968519
21,19,4,98,49,5,5.23,0.11,4.11,7,1,13,3,94.51557062058497
25,24,3,99,98,5,6.29,0.61,7.16,10,5,10,4,100.0
48,20,5,94,84,3,6.52,0.57,4.82,9,3,5,5,100.0
49,8,4,96,58,9,4.41,0.79,6.83,2,2,5,4,85.00242314348931
36,2,3,99,50,2,5.21,0.99,6.52,8,2,4,2,54.5069069060942
39,19,2,58,52,2,8.54,0.25,4.07,7,3,6,1,78.11728603966246
24,24,4,86,92,0,9.41,0.51,5.81,4,4,4,5,100.0
23,10,2,91,47,2,5.52,0.91,7.01,2,1,10,3,77.80868514869091
37,5,2,53,79,3,5.15,0.79,8.24,8,1,4,1,44.728999502191314
37,1,1,95,43,4,4.37,0.49,8.44,5,2,3,1,46.989781622681306
32,6,5,77,86,2,7.75,0.95,6.42,6,2,13,2,65.55736963079393
48,17,4,92,70,5,5.26,0.06,7.64,7,2,6,2,91.35257994784023
49,1,2,75,67,4,9.91,0.93,5.58,10,3,7,2,51.00639008022165
34,16,1,79,50,2,5.28,0.05,5.71,1,4,2,5,84.71438773430856
41,10,3,56,82,5,5.76,0.55,4.97,8,1,13,4,86.07809814398762
26,11,4,69,40,5,7.22,0.89,6.81,4,5,12,1,69.34963774549483
23,18,2,48,88,7,8.61,0.26,5.57,9,3,7,4,100.0
48,21,5,72,86,1,6.29,0.47,4.42,1,1,11,4,100.0
29,23,1,95,91,0,5.96,0.32,7.43,2,4,4,2,100.0
25,24,2,91,77,3,9.97,0.95,7.54,6,3,5,4,100.0
44,6,5,64,63,6,3.07,0.82,5.8,10,1,7,1,43.563268709133716
49,19,2,53,93,9,9.27,0.71,4.38,1,3,9,1,100.0
37,5,4,50,99,2,4.04,0.59,6.13,4,1,10,3,61.097594328888526
34,20,4,92,96,2,8.5,0.82,6.21,8,1,7,5,100.0
41,23,4,74,86,4,7.33,0.39,7.34,10,4,8,4,100.0
23,0,1,80,70,4,5.39,0.45,5.58,5,5,6,5,62.661856937709715
48,16,4,98,80,9,9.12,0.73,7.41,9,4,13,5,100.0
21,10,5,53,85,2,3.09,0.36,8.36,6,1,10,5,75.92043060746177
40,21,2,69,89,8,4.59,0.06,5.19,1,3,5,5,100.0
49,17,3,80,65,3,6.97,0.07,8.89,6,4,11,1,74.80790172570896
41,20,5,43,88,2,5.46,0.12,5.93,6,5,12,4,87.33216954005394
43,16,5,98,89,1,7.27,0.87,5.34,6,1,7,3,97.27681216989797
21,6,4,43,44,9,3.17,0.47,6.11,8,4,6,5,55.428743004496454
23,16,1,67,59,8,3.82,0.71,4.47,6,4,2,3,88.08764926775949
38,19,2,47,91,3,3.89,0.39,4.63,5,4,6,1,76.65746007935549
45,8,1,41,80,2,4.32,0.26,6.07,2,4,14,1,60.741278546108646
30,16,2,80,50,6,6.22,0.35,7.81,4,3,6,2,84.10260099491714
42,19,2,85,95,7,8.26,0.79,8.5,10,5,10,5,100.0
46,21,1,61,93,1,9.34,0.63,7.32,5,5,2,2,100.0
23,21,5,80,72,6,8.85,0.94,4.53,10,1,6,3,100.0
28,7,2,95,89,4,4.38,0.68,7.36,4,2,8,4,96.05026696848844
34,16,1,94,77,4,6.09,0.57,7.18,2,3,12,2,95.08284394135697
44,6,2,55,66,2,4.4,0.61,8.03,7,1,7,1,43.205830651202746
38,0,3,68,73,4,4.85,0.94,8.13,10,1,7,5,57.29967775214234
35,12,5,88,54,1,6.52,0.79,8.34,10,4,13,3,68.53232772415095
42,22,4,87,71,3,3.48,0.02,6.07,2,2,8,1,92.52546333609385
43,18,2,69,97,5,4.53,0.53,7.49,1,2,7,4,100.0
22,23,3,51,60,0,9.55,0.69,5.34,5,3,6,5,100.0
47,18,4,74,85,9,6.26,0.75,9.0,1,2,11,4,100.0
30,16,4,50,44,3,6.12,0.21,4.88,1,1,6,4,92.10525813022186
22,12,2,85,45,5,3.1,0.87,4.05,1,2,10,5,94.09512760315462
46,15,1,89,77,8,4.73,0.96,4.74,6,2,9,5,100.0
37,7,2,60,61,1,9.06,0.24,7.88,9,5,13,4,65.96497904820444
28,18,3,60,57,6,4.15,0.88,6.23,10,1,11,3,73.01478386239327
21,17,4,44,53,5,5.91,0.1,6.24,1,2,5,5,94.66087809512577
29,0,2,87,49,1,3.1,0.06,8.78,5,2,5,1,43.25793656610139
31,13,1,59,85,7,6.35,0.13,8.6,9,4,11,2,77.31873146553215
42,18,2,76,52,6,3.15,0.06,5.56,9,2,6,3,69.21581245946139
36,14,5,42,70,4,8.74,0.85,5.05,1,2,14,5,99.94887687478732
27,17,1,83,69,4,8.77,0.06,8.24,8,5,14,5,100.0
49,1,3,72,42,6,8.51,0.27,8.53,1,1,4,3,75.72432808594169
30,21,4,92,69,8,4.98,0.1,6.71,8,3,9,2,100.0
43,16,2,48,45,8,8.86,0.3,7.15,1,1,8,4,100.0
46,17,1,48,68,8,6.8,0.09,5.28,5,4,6,1,81.73701163260334
23,5,5,43,47,5,5.62,0.67,8.0,8,1,11,5,58.34418932081379
38,18,1,74,83,9,7.38,0.13,7.16,6,2,4,2,100.0
45,3,5,56,84,5,3.09,0.85,6.52,9,4,6,1,39.844697932153124
44,0,3,73,82,2,4.0,0.82,4.3,1,1,4,3,63.82371901872731
33,7,4,63,83,0,8.2,0.01,8.58,9,4,11,5,70.54416549450389
48,22,3,71,72,6,4.71,0.9,7.08,1,3,6,4,100.0
46,6,2,40,56,3,7.19,0.03,4.96,10,1,2,3,50.23623167919231
27,2,1,47,87,0,5.7,0.24,7.03,10,2,7,5,54.92335562218439
45,9,5,84,50,7,8.98,0.03,7.39,3,4,11,2,91.49251247268109
24,9,5,62,52,5,9.67,0.34,6.63,1,5,5,1,74.76713785152282
33,18,1,86,89,5,9.18,0.51,7.59,3,4,5,1,100.0
40,13,1,79,50,1,4.89,0.8,6.91,2,5,9,5,86.86233661307033
21,1,2,51,70,0,4.36,0.34,8.74,2,2,3,3,51.545922057033316
28,0,3,93,67,1,6.32,0.71,4.27,9,3,5,4,57.387413415317155
34,22,5,51,83,3,3.05,0.19,4.53,8,5,3,2,68.48962590811634
36,22,2,85,45,1,3.18,0.75,4.87,1,3,2,5,97.18257955726095
34,17,3,86,80,0,6.87,0.24,7.45,4,4,11,2,96.26097371680656
32,6,2,54,55,6,6.64,0.14,7.23,1,2,14,1,74.66512599445927
39,7,5,80,43,7,9.96,0.19,8.46,1,5,14,4,86.07239430478272
43,0,1,58,74,5,4.41,0.18,7.66,4,4,4,2,46.79119931677669
35,24,1,65,99,3,4.81,0.51,6.54,2,1,13,5,100.0
48,22,3,91,87,5,3.79,0.84,8.96,3,4,9,4,100.0
22,2,4,68,95,2,9.42,0.08,5.33,9,3,7,3,58.793310709604775
22,23,3,61,98,7,8.44,0.71,8.17,2,2,13,5,100.0
43,22,4,79,65,9,8.76,0.65,6.13,4,2,8,2,100.0
42,7,2,60,96,1,9.32,0.87,7.24,1,4,3,4,89.70571750572773
39,21,2,90,51,4,6.67,0.24,7.64,2,1,7,5,100.0
45,24,5,77,50,0,6.16,0.45,7.17,5,3,9,4,96.81601186243384
46,14,4,59,76,5,5.31,0.93,4.7,10,4,9,4,74.58136445657689
49,4,5,96,64,1,7.12,0.66,6.21,1,4,5,4,78.73601938502908
42,2,1,68,57,3,6.18,0.39,6.81,7,2,7,2,50.521826540365694
46,18,4,90,58,5,6.16,0.13,8.25,4,3,6,5,100.0
46,0,3,43,62,9,9.56,0.26,6.22,6,1,10,1,71.1659909956627
42,14,1,94,94,7,9.89,0.58,8.59,8,2,9,1,100.0
37,7,1,46,77,7,8.58,0.72,6.2,6,4,3,2,61.53532239681384
40,1,3,67,93,5,8.3,0.12,6.74,2,2,13,2,69.59932618513747
30,2,1,67,57,3,7.76,0.6,7.98,1,2,14,4,70.39071370895694
26,23,4,43,65,7,4.16,0.55,6.92,8,5,8,5,85.208622579361
35,13,5,61,45,7,3.41,0.51,8.8,8,2,8,5,68.18818509605433
42,23,1,51,43,9,7.84,0.69,7.3,9,2,12,3,97.0281678765261
31,13,4,84,83,0,8.1,0.84,6.61,6,3,13,3,83.90156217994179
48,10,2,42,90,3,3.33,0.32,4.12,1,2,2,1,59.63603166767018
25,15,4,61,68,3,9.5,0.89,6.07,9,1,2,3,97.50236988546399
21,3,5,83,98,6,3.64,0.16,5.5,3,4,13,3,67.0656118962016
28,19,4,41,73,6,5.0,0.17,7.74,6,3,5,1,74.184161360934
41,4,3,63,56,7,7.71,0.27,5.04,10,2,6,1,56.43728243496308
48,21,5,73,82,4,4.19,0.12,5.03,10,1,5,3,87.13735763962794
32,20,2,66,82,6,3.39,0.23,4.95,9,4,8,5,85.54163244774149
32,13,3,94,92,7,5.32,0.11,4.63,3,3,4,3,99.27030148074135
25,22,4,80,55,8,8.36,0.82,5.56,5,1,8,4,100.0
27,15,5,40,41,2,5.9,0.14,8.43,5,2,14,4,71.49278954867539
24,17,2,47,73,2,7.57,0.75,7.87,10,5,9,4,72.35116632085075
26,6,3,62,94,3,7.06,0.05,7.68,7,5,7,2,63.681151654245106
33,9,2,77,47,4,3.16,0.95,7.99,4,3,7,4,67.95042756170015
40,6,4,45,52,9,9.92,0.71,5.35,4,1,9,5,100.0
35,0,2,61,81,0,3.29,0.01,8.44,7,4,9,2,28.435515241367003
23,22,1,64,47,6,9.77,0.76,4.69,9,1,8,2,100.0
43,20,3,57,69,8,6.85,0.51,5.68,4,5,7,4,100.0
28,18,2,56,71,7,9.74,0.78,6.93,4,3,7,3,100.0
40,15,4,51,75,4,3.8,0.52,4.51,6,2,11,1,66.68242352671801
36,18,4,45,86,3,6.43,0.64,7.65,6,1,12,3,83.84060070727745
33,3,2,65,69,6,4.19,0.79,5.94,7,5,14,3,48.67779235188493
38,17,4,66,40,4,3.36,0.41,7.92,1,4,14,2,75.93777085198832
48,1,5,47,82,6,7.32,0.0,6.46,3,3,7,2,61.74926765505229
30,0,5,58,78,0,4.45,0.85,4.9,9,2,9,2,26.286599370129686
39,14,5,99,56,0,7.11,0.38,7.67,6,1,2,5,98.28742335168147
37,4,1,81,98,9,3.79,0.5,5.26,6,4,6,5,78.04065789351677
44,19,2,40,59,2,5.32,0.01,6.45,5,2,4,1,73.75053900506416
39,10,1,96,63,1,8.47,0.49,4.38,3,5,13,2,85.5465332112218
48,9,4,68,89,1,6.06,0.99,7.09,5,5,9,4,73.25032278072108
46,1,1,84,61,6,7.39,0.28,7.33,1,4,12,2,73.01098888445642
43,2,4,88,68,9,7.53,0.4,5.89,3,5,7,5,86.15411919287034
46,22,4,74,61,1,8.91,0.69,8.77,4,3,3,2,100.0
25,22,3,79,83,3,5.27,0.81,8.37,5,4,14,5,100.0
46,11,5,53,48,1,7.81,0.42,7.54,10,5,8,2,53.83520750573022
41,19,4,74,76,5,9.73,0.31,7.57,9,1,8,4,100.0
43,4,3,87,49,7,8.11,0.94,5.26,4,5,14,1,73.70907956475006
29,4,5,84,75,9,6.43,0.68,7.28,3,3,6,4,88.51592614647512
32,5,4,59,76,3,7.42,0.12,4.99,10,2,9,5,60.052687635007004
41,8,4,95,67,4,8.18,0.07,4.72,1,2,6,3,93.08024615368059
21,1,1,88,67,3,7.29,0.48,9.0,10,5,2,4,55.52707595836582
46,20,1,52,81,2,3.12,0.22,7.11,6,2,10,2,77.15438419847096
46,11,5,77,82,4,4.36,0.25,6.15,7,5,5,1,63.963536756132534
21,2,4,88,60,8,8.67,0.88,5.44,10,3,14,2,59.18891642861594
35,19,2,85,63,7,4.91,0.09,7.02,8,2,3,2,89.99001069792537
22,21,1,88,81,7,8.12,0.72,4.25,1,1,5,4,100.0
42,11,5,47,99,7,5.6,0.27,4.47,4,5,14,1,77.1237212137698
36,23,4,82,79,7,6.65,0.76,4.16,5,2,10,3,100.0
45,16,4,59,41,6,3.48,0.72,6.5,2,3,3,2,76.75310699995917
28,9,2,99,94,7,4.27,0.01,7.0,1,3,5,1,83.8830744382977
33,23,5,72,47,7,9.7,0.51,4.31,8,1,3,3,100.0
41,13,4,65,87,7,9.23,0.14,7.61,6,3,6,2,98.87306801326741
21,22,1,78,66,9,7.57,0.87,5.15,5,3,4,1,98.09821042304701
36,16,2,60,61,6,6.22,0.87,7.43,9,2,11,4,80.87893157457131
49,17,5,92,76,0,7.73,0.42,8.91,2,5,3,2,100.0
27,18,2,88,66,3,7.33,0.44,7.46,10,4,10,2,86.376415240216
25,16,1,81,96,3,6.98,0.3,8.42,8,3,6,1,86.56965891323156
42,13,5,82,68,4,3.41,0.72,8.74,10,3,11,2,64.88426352879796
49,8,2,93,42,9,7.43,0.36,6.43,9,4,6,3,80.84599942533957
43,7,3,80,83,5,8.38,0.27,7.51,1,3,2,2,92.64488302198731
23,1,1,48,52,3,9.96,0.43,8.26,7,2,7,5,62.727219301402506
32,12,1,63,84,1,3.08,0.09,5.78,8,2,14,3,57.44370750036536
46,24,1,76,49,5,8.11,0.75,5.31,3,4,8,1,95.97967369403426
36,6,3,88,75,7,7.0,0.01,8.73,4,3,2,3,83.8818063738145
39,8,3,80,48,7,6.04,0.64,7.63,3,3,10,5,78.5204916787812
25,21,4,56,93,6,3.89,0.18,5.1,7,5,9,5,97.82498361837705
42,21,2,63,95,5,5.86,0.23,6.25,9,3,13,2,88.93984230941295
45,10,4,60,94,1,5.48,0.64,7.98,3,2,9,2,83.45955518230718
49,13,2,90,66,6,5.12,0.99,6.74,6,1,8,4,94.77564636246153
34,3,3,98,73,4,8.12,0.78,7.25,8,1,6,3,74.71387410218841
48,12,3,78,90,5,7.91,0.23,7.77,6,1,4,4,91.04915140134837
25,1,4,94,40,9,7.12,0.18,7.11,2,1,13,5,81.24839457341999
35,22,5,80,71,7,9.57,0.87,6.7,7,3,10,2,100.0
37,4,4,78,64,7,5.45,0.44,7.75,2,3,8,2,68.98451669505468
34,10,2,52,68,2,4.71,0.14,7.64,2,5,12,2,75.5068787401975
40,5,4,50,46,6,7.59,0.86,7.15,2,3,11,1,61.05474352582369
25,17,1,85,88,0,4.39,0.82,5.8,1,1,11,5,100.0
32,20,2,58,42,0,5.21,0.98,6.03,1,4,9,2,74.84551509261036
36,9,2,50,59,6,4.57,0.91,8.85,7,4,7,5,72.24715782757657
46,3,5,52,59,9,3.48,0.85,4.56,5,2,13,2,47.71139556292111
46,8,3,85,92,8,8.79,0.05,5.34,3,2,12,3,100.0
36,5,2,84,69,6,4.78,0.1,6.46,1,3,6,5,89.89896657085315
41,1,3,40,74,9,6.31,0.57,8.18,10,4,9,4,51.705966295340126
27,16,4,79,74,4,3.3,0.53,4.82,6,1,4,1,85.68485467818653
24,4,1,83,88,7,7.9,0.46,5.38,1,1,13,4,94.14648464174876
21,24,5,58,78,1,5.31,0.4,4.33,9,1,14,5,100.0
25,5,3,51,66,8,8.21,0.43,7.53,2,3,14,2,68.27526990700048
43,11,2,47,65,5,5.89,0.57,5.19,1,3,8,5,91.76514245939818
46,22,3,47,53,8,4.37,0.0,5.94,7,5,3,1,75.59793259354272
30,20,2,92,56,1,6.59,0.26,6.22,6,1,4,5,100.0
42,9,3,84,57,2,3.91,0.52,8.46,6,1,14,2,55.52360625633992
25,21,2,51,84,7,6.08,0.72,6.06,5,3,13,4,100.0
24,20,4,87,91,0,5.22,0.17,4.73,4,3,3,3,97.84092459909647
22,24,2,72,68,9,9.38,0.55,6.62,4,5,6,4,100.0
40,5,2,84,59,6,3.43,0.71,8.81,3,5,8,2,64.4140748815537
30,7,1,65,92,6,7.86,0.44,7.04,10,2,12,2,65.43766913447328
46,1,2,78,66,0,4.28,0.03,8.92,8,4,11,1,42.231338405852995
39,11,1,67,57,8,5.23,0.45,8.21,7,1,12,5,82.9973264384719
46,12,5,97,43,7,5.91,0.3,4.18,9,1,12,5,93.44096989513699
21,24,1,44,40,3,9.36,0.93,7.29,1,5,12,4,100.0
44,20,4,47,89,9,4.7,0.12,5.43,7,5,11,3,89.00645143172208
25,6,1,64,40,4,3.64,0.65,6.8,10,2,14,3,45.320285911325165
33,9,5,66,97,1,5.23,0.05,5.4,4,4,2,1,59.68856240914698
24,12,4,85,65,8,3.73,0.45,5.74,7,2,14,2,74.75216933713784
36,16,3,62,84,5,3.9,0.55,8.62,1,4,11,1,75.90122373351926
44,20,3,69,59,2,7.02,0.3,5.03,5,1,10,5,100.0
36,13,1,84,91,6,3.43,0.46,8.37,3,2,2,2,85.35666536491031
43,1,1,86,62,8,3.22,0.16,4.15,5,5,2,1,52.586106813856716
22,21,5,62,49,2,8.0,0.3,4.45,4,2,13,4,100.0
37,10,5,88,98,1,5.53,0.62,8.27,2,2,11,5,94.84959188131315
48,0,2,86,50,6,3.88,0.3,7.15,4,1,9,3,60.04020083327019
47,18,5,59,80,6,4.78,0.9,7.74,3,5,7,1,84.44426304661282
40,20,2,57,80,3,7.49,0.63,5.05,1,5,7,5,100.0
44,3,4,57,44,8,4.93,0.44,6.69,10,3,13,5,56.16114196259399
32,18,1,41,97,7,6.46,0.04,7.69,8,3,10,3,88.18676401160972
38,20,4,43,40,0,3.85,0.5,7.14,5,3,5,3,66.98668349672496
23,10,5,69,56,0,7.12,0.76,6.36,4,1,9,3,73.28260584530503
48,7,4,72,61,4,5.21,0.27,8.8,10,2,5,1,55.176753446759705
21,10,4,75,73,5,7.39,0.81,7.38,5,5,3,3,78.9428600337022
21,3,4,57,95,2,8.66,0.25,8.54,4,5,12,4,72.88562668253071
49,16,5,76,84,8,7.28,0.82,7.65,3,2,9,5,100.0
39,6,4,58,80,9,5.07,0.09,7.68,5,5,13,3,74.1865249919613
31,7,2,86,68,5,4.79,0.87,4.4,4,2,8,5,81.35502862920755
25,2,5,67,43,3,5.29,0.5,5.8,1,1,5,2,59.57144748371943
32,21,4,79,44,6,4.15,0.3,8.29,3,1,10,2,95.19215935998452
23,1,5,59,50,7,4.27,0.27,5.16,10,1,10,3,45.454170788962294
21,22,3,88,95,8,8.53,0.43,4.58,10,2,9,5,100.0
21,14,2,72,90,5,5.69,1.0,5.63,8,2,2,2,80.44668369894947
28,23,4,51,60,5,6.05,0.22,5.1,7,4,8,3,81.62017725852864
30,21,3,97,74,7,7.16,0.1,8.63,2,5,6,5,100.0
31,21,3,90,51,4,7.13,0.59,8.34,1,5,8,3,100.0
32,4,5,54,65,2,3.47,0.49,6.5,3,4,13,5,60.45003003587033
49,23,3,80,90,2,8.82,0.52,4.31,5,4,10,2,100.0
33,0,2,78,58,5,4.24,0.67,7.57,10,1,3,3,43.434129264284856
32,3,2,41,84,1,8.06,0.27,7.12,1,4,14,2,63.365677283022315
34,14,1,68,99,5,8.41,0.91,8.85,3,2,12,3,100.0
22,19,2,80,46,5,8.0,0.44,6.79,3,3,5,1,98.13771428239275
49,18,3,49,86,7,7.05,0.13,5.68,5,2,5,2,94.64851381738937
39,2,2,41,94,6,3.1,0.74,6.6,3,4,3,2,47.28752428249772
38,19,5,90,46,7,5.52,0.64,8.9,9,5,4,4,91.994960851565
23,10,1,50,65,8,7.23,0.32,7.48,1,2,12,2,79.41403263301923
43,16,3,52,79,5,5.71,0.62,7.36,4,5,14,5,94.07519963836948
37,12,1,49,44,2,9.04,0.22,5.2,10,2,9,3,68.6841103951141
46,10,3,53,60,9,5.16,0.44,7.72,10,5,13,1,55.108200699520566
28,1,5,57,53,2,5.05,0.9,7.75,4,2,10,5,64.36085413770492
49,8,1,90,43,0,4.86,0.13,5.59,1,5,7,5,76.20513142947493
46,1,4,93,62,4,5.33,0.39,6.42,2,3,11,5,75.65938663936046
30,20,3,48,81,3,6.9,0.82,5.47,1,1,3,5,100.0
46,8,4,96,59,8,7.95,0.97,5.29,6,2,3,1,89.31234745771451
22,8,1,78,54,8,7.64,0.45,4.13,3,3,8,4,83.12928302432746
39,7,4,67,89,4,8.65,0.51,5.43,7,1,9,2,77.49281803349938
29,16,4,42,91,9,9.2,0.57,6.77,5,2,9,5,100.0
27,0,1,59,84,3,8.71,0.93,4.01,9,3,7,2,50.941583063373194
24,24,5,45,68,6,3.13,0.86,5.42,7,3,11,2,76.44970363936703
46,10,4,66,47,5,8.15,0.17,8.41,4,3,9,5,93.1083173488544
41,7,4,92,80,3,4.46,0.44,6.97,5,4,2,4,70.70410200850229
38,9,5,41,87,9,3.93,0.46,7.04,5,5,10,2,69.32126556549744
33,24,4,68,58,1,7.47,0.79,6.02,5,1,14,3,99.77194774071855
31,6,4,77,87,0,5.24,0.6,7.38,10,5,13,2,53.59606209552203
49,2,4,42,78,3,3.4,0.65,4.95,9,5,2,5,37.24517561805493
44,2,2,55,85,3,3.96,1.0,8.09,10,5,14,1,27.306951443674123
24,17,5,69,67,0,3.01,0.07,4.58,3,3,4,2,74.62076955817939
45,4,4,79,85,5,9.32,0.22,7.28,6,5,13,4,76.42036648258109
41,11,5,41,96,3,3.17,0.41,5.71,8,4,10,3,53.123121077099796
49,11,3,56,66,0,4.47,0.35,7.74,9,2,12,3,52.22829348500722
45,18,3,80,43,0,5.91,0.02,6.75,7,3,6,1,73.4242779230297
24,5,4,51,97,0,5.5,0.09,6.26,3,1,10,1,57.6977530065887
30,1,5,74,54,7,9.38,0.68,4.85,1,2,10,2,76.90315613946822
25,11,5,82,74,9,3.28,0.88,7.18,4,2,7,5,92.11683572819562
29,18,5,40,76,7,6.59,0.51,8.87,6,2,12,4,97.21349949930334
44,4,2,94,40,1,7.76,0.54,8.13,3,5,2,3,72.73029015560311
23,11,3,84,42,6,9.52,0.26,4.3,1,5,11,1,90.53808532100612
37,16,5,54,86,7,7.34,0.77,5.88,6,3,8,4,96.37514224375336
23,16,5,65,63,7,8.63,0.75,8.63,1,5,7,5,100.0
36,9,2,76,66,9,3.59,0.59,6.52,9,5,10,3,54.88459650157961
24,24,2,60,79,6,5.7,0.21,7.31,1,5,8,3,100.0
38,22,5,88,75,4,5.62,0.1,8.56,6,3,13,5,100.0
37,16,1,70,73,0,9.2,0.06,8.37,1,3,12,3,99.70347333332212
27,14,5,64,68,8,4.06,0.59,6.51,7,4,13,5,91.99311599403285
44,11,5,62,63,6,4.06,0.83,6.19,3,4,14,3,68.61264974684396
43,15,2,63,63,1,5.3,0.86,5.7,6,4,5,2,62.46946525993045
25,23,2,96,81,5,3.38,0.46,7.6,7,4,8,5,100.0
32,18,5,77,43,1,4.28,0.78,5.43,1,2,3,4,79.01129290354902
37,7,5,67,42,0,9.76,0.95,5.25,1,2,7,2,76.68904070197725
43,20,5,60,73,6,6.0,0.28,5.78,5,4,7,4,100.0
33,16,2,93,96,1,7.42,0.4,4.89,6,4,3,3,92.49757545302494
43,22,5,82,88,1,8.08,0.93,7.48,9,1,5,4,100.0
45,4,5,57,62,4,5.57,0.34,7.08,1,2,9,2,66.16011648799766
23,21,4,75,92,4,4.03,0.91,6.41,4,1,9,5,100.0
29,15,1,74,95,6,4.45,0.98,5.95,10,1,14,1,80.10409361867231
37,5,3,84,91,0,5.19,0.66,8.55,8,5,9,4,56.02345035875567
37,7,1,94,62,7,7.45,0.82,4.15,10,3,9,1,75.79201167667208
40,24,4,48,84,2,5.79,0.75,7.85,9,2,2,4,97.88152822864116
36,17,3,92,44,3,3.05,0.7,8.51,3,4,3,4,88.24021905094901
45,24,5,77,70,8,6.66,0.31,6.23,2,4,13,5,100.0
42,11,4,97,92,3,9.45,0.06,6.75,4,3,5,3,100.0
33,14,5,69,80,9,8.68,0.34,8.72,2,2,13,2,100.0
47,8,2,99,96,4,8.78,0.67,5.06,1,4,10,2,87.9239003313076
39,12,4,83,96,6,8.57,0.1,6.6,3,4,4,2,95.30252979465307
37,14,2,73,99,3,5.27,0.01,6.37,7,5,7,3,85.93704794435254
24,9,4,71,93,0,8.36,0.14,5.29,1,1,8,1,76.979369783962
32,15,4,42,45,8,4.0,0.72,8.09,2,4,9,2,69.77138363348647
49,6,2,42,76,3,7.6,0.97,8.5,1,2,14,1,60.98951106246694
29,16,3,67,96,8,7.49,0.98,7.91,8,3,8,3,99.2817841316062
39,22,1,83,49,5,3.18,0.49,4.98,5,5,4,3,95.05805905431441
32,20,5,54,79,0,8.52,0.87,4.43,8,2,7,5,100.0
29,21,4,80,46,2,9.32,0.74,7.03,3,5,6,2,96.39590301963868
27,6,5,62,78,1,4.87,0.5,4.29,7,1,14,5,68.7532926118434
48,13,2,79,77,8,8.69,0.57,7.36,8,4,13,2,84.6705869147715
34,14,5,50,60,0,3.58,0.14,6.65,6,2,11,3,61.68725750130983
40,20,2,87,59,8,7.2,0.94,7.31,7,3,5,3,100.0
39,6,5,71,42,8,6.4,0.35,6.95,2,1,2,4,88.70687668314594
46,8,1,97,90,7,6.82,0.45,6.11,8,1,14,4,81.81301503169422
35,18,1,98,61,7,9.48,0.67,5.0,5,5,8,3,100.0
36,15,1,96,86,0,9.1,0.33,5.53,7,1,9,3,100.0
41,7,1,93,43,7,8.5,0.25,6.62,1,2,3,1,86.66109714837684
25,17,1,75,67,9,4.92,0.63,7.26,5,5,8,1,85.07306636396657
23,22,1,99,51,2,9.38,0.02,7.9,1,1,7,5,100.0
32,17,2,72,77,6,3.68,0.72,7.84,8,3,6,4,93.4437648389314
45,19,4,63,90,0,8.97,0.51,8.86,4,2,14,4,100.0
40,6,5,78,75,0,5.3,0.61,5.43,4,3,5,3,65.29925304775335
47,2,1,73,86,9,3.38,0.63,4.36,2,3,3,3,67.88893410734136
41,17,2,95,80,4,7.69,0.53,5.73,5,5,11,5,100.0
24,9,2,67,44,4,4.62,0.58,7.72,1,4,7,4,81.88825999524097
41,6,2,76,52,7,4.7,0.68,6.19,9,5,6,1,43.769467347116695
43,16,4,46,62,6,5.14,0.75,8.09,5,2,3,2,78.18276632125934
36,13,5,43,97,7,3.45,0.73,6.75,6,2,11,5,86.10532250107904
45,23,4,76,89,5,4.24,0.87,8.65,2,5,8,2,99.25833932515326
27,2,3,95,69,5,3.04,0.19,8.74,10,4,7,1,40.6249207194464
33,11,2,40,76,1,6.12,0.4,4.35,10,5,13,1,54.816700597455394
41,12,3,40,64,5,3.59,0.95,6.28,1,2,12,2,61.227553360560236
30,1,1,86,87,4,7.78,0.4,7.05,4,4,10,5,78.433996309213
46,2,1,59,66,2,4.65,0.12,5.28,7,2,12,2,44.10279753465046
27,4,4,58,90,5,9.61,0.53,6.04,6,4,11,5,79.85028515333872
34,10,5,68,53,7,9.1,0.11,7.39,10,4,6,5,97.23123735282056
46,7,3,49,96,8,5.03,0.2,5.13,1,5,10,3,80.23345368240648
25,22,5,99,87,0,8.48,1.0,7.01,1,5,10,4,100.0
23,22,4,57,98,2,8.62,0.54,7.49,8,5,14,4,90.37620322339846
43,11,1,67,86,2,9.91,0.28,4.45,4,4,2,1,83.73137931375926
49,6,5,74,93,7,7.18,0.99,6.49,5,4,6,3,77.0619043809623
31,14,5,82,75,0,3.57,0.97,5.32,7,2,10,4,83.75449253139325
31,23,1,86,78,4,7.53,0.44,7.62,8,3,8,5,100.0
38,16,3,70,55,2,7.37,0.26,4.95,10,5,7,5,78.76824179665235
35,3,1,66,95,1,7.47,0.84,8.46,7,2,7,2,56.783764214275074
32,21,5,50,61,7,5.15,0.72,6.15,2,2,12,2,100.0
29,24,3,88,60,2,9.02,0.69,4.99,4,1,8,5,100.0
30,12,3,88,93,6,9.72,0.89,6.19,10,5,2,5,100.0
46,17,1,77,60,0,4.52,0.69,6.04,1,2,5,2,84.58446441898406
32,0,5,44,47,5,3.62,0.28,6.14,10,1,14,4,39.771397060265166
37,15,4,47,88,2,4.36,0.69,6.93,9,5,2,1,60.67688042205823
49,12,5,73,55,7,8.74,0.31,6.61,3,4,7,2,92.9890672653178
26,9,2,87,98,5,7.74,0.76,4.75,3,1,14,4,100.0
27,11,4,91,94,1,7.45,0.62,4.33,10,4,5,4,84.31704015022893
34,1,3,95,70,5,5.81,0.08,7.65,9,3,2,4,62.44378779968
33,22,4,51,81,6,7.04,0.51,6.8,10,3,10,3,92.50241864454229
28,2,3,77,49,4,5.16,0.34,5.8,3,3,13,3,55.850948541573665
30,9,3,40,71,2,6.34,0.33,8.04,8,3,5,4,51.11830629384638
29,1,4,70,98,3,8.55,0.6,5.94,2,2,13,5,91.99188182099093
38,22,3,43,73,3,9.87,0.32,7.98,3,3,7,3,100.0
47,12,3,88,48,5,9.53,0.78,5.53,2,2,14,2,90.37400890161537
46,12,2,84,56,9,9.54,0.07,4.36,1,2,8,3,100.0
22,17,5,89,50,0,5.82,0.66,8.66,2,5,9,5,100.0
25,2,5,44,71,3,6.28,0.81,5.97,8,2,13,1,43.6283372335808
49,6,2,69,49,9,7.94,0.67,7.96,9,2,14,3,66.36180910583533
25,13,4,95,61,3,9.46,0.5,5.4,2,3,12,4,100.0
26,19,1,63,96,9,3.99,0.95,7.23,7,2,10,4,97.83061992576275
39,16,1,98,56,0,5.13,0.3,8.37,5,4,10,4,92.29542403101905
28,20,1,42,43,8,3.97,0.02,4.21,3,3,9,1,81.00479929584004
36,11,2,50,87,3,7.28,0.43,8.15,9,1,11,5,95.19145810774094
33,24,2,84,91,6,5.14,0.03,6.86,6,3,12,2,99.11557469141059
21,15,3,43,86,2,5.28,0.95,7.04,1,2,13,5,93.67700831715668
42,23,1,65,64,9,3.5,0.21,6.62,5,4,13,1,80.66122370328401
40,11,4,66,98,2,5.45,0.79,8.37,7,3,4,4,81.23323952367257
37,14,4,85,60,7,9.04,0.77,4.22,4,4,13,5,100.0
27,24,1,93,76,7,4.63,0.22,5.31,8,1,3,2,100.0
45,9,1,82,77,0,7.87,0.62,8.38,10,1,6,4,77.05261046432395
33,24,1,66,88,9,7.41,0.05,7.76,5,5,2,2,100.0
24,6,2,81,40,1,9.04,0.48,4.09,9,5,4,3,59.16925714596874
24,19,2,90,64,7,3.93,0.01,6.59,9,3,2,2,87.77394947012179
26,4,2,89,90,0,9.84,0.92,6.65,9,5,14,4,67.69426872657927
48,0,5,45,75,7,7.08,0.98,6.0,1,4,4,3,62.9151066823878
39,16,4,98,56,7,9.97,0.22,5.49,2,5,14,4,100.0
49,2,4,54,80,1,9.38,0.21,7.41,3,4,5,4,66.7764773532107
32,12,3,92,63,3,4.55,0.75,5.04,4,5,8,3,83.41233284701656
42,13,2,69,41,5,3.39,0.25,7.99,10,5,13,2,56.47081473395645
27,23,5,81,79,8,4.79,0.9,8.02,9,5,13,1,83.99390245281779
47,17,5,76,54,7,6.69,0.57,6.08,10,2,6,1,75.64507426180965
30,3,4,97,71,7,4.2,0.35,5.42,6,2,6,1,61.68545992387871
46,17,2,76,78,6,4.17,0.83,5.42,1,5,14,1,89.54262159273937
39,4,3,81,98,8,6.24,0.49,6.41,9,4,2,5,75.30552121727028
27,24,2,99,45,1,3.23,0.91,7.6,6,3,9,1,87.77228726660796
23,15,1,76,40,2,3.85,0.93,5.79,4,1,14,3,77.67358889742619
33,0,2,74,86,9,5.91,0.17,7.05,4,2,5,1,50.746851165697215
33,20,1,62,62,7,3.44,0.0,5.91,3,5,11,4,91.46164836361649
38,13,1,45,97,5,5.78,0.98,5.52,7,1,6,1,69.23887134944715
48,14,3,43,78,9,6.32,0.91,4.12,3,2,3,2,91.35136850194873
46,8,4,57,96,8,6.16,0.06,4.02,2,3,13,3,89.76029618589024
40,14,2,99,56,9,9.08,0.83,5.14,10,4,14,3,87.27948614536061
48,16,1,48,73,3,6.71,0.46,6.03,8,5,2,5,84.32235878498284
28,24,2,88,98,7,6.28,0.26,8.26,4,3,10,4,100.0
49,23,4,68,80,9,5.87,0.88,7.99,8,2,3,3,100.0
29,3,4,52,68,2,8.72,0.2,5.34,1,5,7,2,59.79086490653136
27,11,5,98,48,2,9.27,0.95,5.22,5,1,2,1,84.0008503861616
21,4,4,86,52,7,8.97,0.21,5.14,9,4,2,3,75.3616341128917
23,4,3,91,45,4,7.71,0.61,5.7,1,2,10,2,76.99092879545712
33,10,1,56,45,2,3.96,0.22,6.49,4,4,5,1,50.467866471910526
48,5,5,84,59,9,4.94,0.55,6.19,6,5,10,5,73.42398312901891
45,6,3,71,91,0,3.32,0.68,5.09,10,3,12,3,54.221279668719816
48,23,2,87,92,2,9.52,0.19,4.65,8,4,6,3,100.0
37,13,1,61,42,8,7.63,0.52,4.06,3,1,8,2,84.08015199108542
45,23,4,43,56,4,8.22,0.47,4.77,5,2,2,4,97.06894309107305
44,10,1,44,88,9,5.18,0.07,7.53,7,1,7,5,85.34342587525083
21,12,2,76,51,1,8.92,0.82,5.22,1,4,9,4,99.15873803207721
26,1,5,80,87,6,4.82,0.34,6.34,7,3,2,3,58.71602291215277
41,24,5,88,86,1,3.01,0.57,6.96,8,3,10,4,92.28297232612569
26,6,5,52,84,3,5.63,0.51,8.43,8,1,4,1,60.47223241852485
46,19,4,73,94,6,7.0,0.51,8.44,9,5,2,5,100.0
32,3,3,84,40,3,6.35,0.11,7.73,6,5,2,4,60.63762071817139
33,7,3,61,56,6,9.03,0.42,4.18,6,3,14,1,66.139046789135
33,19,1,92,42,6,3.74,0.45,6.88,2,1,12,2,100.0
49,21,4,98,65,0,6.88,0.73,7.93,3,1,7,4,100.0
35,20,5,62,54,5,6.59,0.84,4.09,4,1,12,5,100.0
41,18,5,90,75,8,4.97,0.54,6.75,4,4,7,1,93.34098686593569
36,12,2,42,71,1,8.76,0.09,8.29,8,5,2,4,65.98056599493484
42,13,2,81,71,2,8.27,0.24,6.37,1,5,4,2,85.08717406236252
41,9,5,73,43,9,8.13,0.16,4.02,10,4,8,4,74.90673902451583
31,10,5,71,57,4,9.13,0.12,4.06,4,2,11,1,84.86107446145738
48,1,4,84,88,8,8.06,0.37,6.08,4,4,4,4,77.80918393919328
25,24,3,90,58,3,4.62,0.23,4.78,1,1,4,5,100.0
24,8,2,97,82,0,7.94,0.22,7.32,3,4,4,3,81.32532573171599
23,16,3,88,91,3,5.15,0.05,7.54,5,1,13,1,80.1169846365115
39,2,4,60,74,5,4.7,0.02,4.89,6,3,8,1,48.63299879294538
40,23,5,85,79,4,3.51,0.1,8.44,9,1,5,1,96.47384043787392
45,5,3,83,53,0,8.21,0.17,6.21,9,5,5,1,44.35132459865986
38,4,5,60,97,3,7.98,0.43,4.71,9,4,4,4,57.990645455499205
35,4,5,83,72,5,4.64,0.51,7.82,1,1,11,5,87.49457375540011
29,21,1,50,53,9,8.25,0.14,7.95,9,2,12,2,88.23412902264002
37,14,3,78,73,9,9.42,0.42,7.2,8,3,10,5,100.0
34,22,3,43,94,3,3.76,0.34,8.27,2,2,3,1,94.23739797101922
35,16,5,90,43,8,4.63,0.18,7.69,1,2,5,4,100.0
21,8,4,40,63,4,8.25,0.01,8.41,1,2,9,4,86.39884154172735
41,2,1,67,98,7,4.92,0.47,6.17,6,3,7,1,60.54306076817351
42,19,5,63,68,8,7.37,0.69,7.74,9,3,8,4,100.0
42,16,2,74,58,9,3.57,0.23,9.0,7,3,14,1,75.7360538377874
23,9,2,52,45,4,6.17,0.13,7.62,5,3,8,5,76.50538213696827
36,2,1,86,96,5,8.17,0.89,4.57,2,2,3,3,86.83200873078155
43,17,4,73,72,0,7.81,0.28,6.59,1,5,5,4,100.0
45,17,5,50,88,6,8.71,0.22,6.94,2,5,11,1,100.0
31,16,3,75,79,3,9.14,0.86,4.87,1,3,11,1,100.0
32,23,1,90,58,1,8.41,0.82,8.81,3,4,7,4,100.0
30,2,4,56,92,4,7.7,0.45,4.88,6,1,4,2,61.81290411241181
36,2,3,74,40,2,3.22,0.49,4.89,8,4,10,1,27.30737122178863
28,5,2,99,44,5,6.74,0.22,8.58,3,4,14,4,78.89603199122693
26,12,2,57,66,7,3.26,0.08,6.33,10,4,5,1,57.347212131264826
32,23,3,79,55,6,8.66,0.57,4.32,9,5,11,2,100.0
44,14,1,61,45,2,5.25,0.1,6.99,10,1,14,3,64.02182378651301
48,24,2,96,79,7,6.94,0.45,7.01,5,4,3,2,100.0
41,8,5,63,52,1,4.96,0.94,4.32,7,3,7,5,63.67547787591553
28,3,3,97,87,9,8.48,0.95,8.86,8,5,2,4,81.22305628952167
46,13,3,58,74,8,9.21,0.24,6.72,3,3,7,2,96.38202356985661
48,4,2,76,58,3,5.79,0.62,6.8,2,3,14,3,67.16519053905046
24,1,1,78,51,0,9.04,0.47,6.6,2,4,13,1,62.80178809200543
46,10,5,60,55,7,4.87,0.88,7.05,5,3,11,4,76.98404023231949
28,8,1,47,98,6,6.74,0.27,5.32,1,1,2,2,80.71904177889253
46,23,4,67,82,4,9.01,0.0,5.44,2,3,9,3,100.0
48,2,4,44,49,9,5.28,0.16,6.56,9,4,6,2,40.099929180508056
38,8,2,56,64,4,9.68,0.35,8.03,7,3,7,5,81.9178132302689
48,2,2,76,59,6,3.85,0.32,4.25,6,5,3,4,54.33769625648168
48,24,2,75,70,4,3.13,0.79,7.02,9,5,3,1,82.26661875701782
25,1,4,93,43,7,9.33,0.68,8.03,7,5,13,3,60.57610754481212
29,11,1,58,83,5,3.48,0.3,4.78,5,2,10,2,65.1272796823021
24,9,1,66,62,4,9.94,0.46,4.08,9,5,4,4,76.78458799743068
47,8,2,92,41,8,9.66,0.1,5.56,6,5,7,2,78.48245890522513
42,14,5,73,95,1,3.96,0.9,6.94,6,2,11,4,81.49645380911794
37,7,1,50,61,0,6.76,0.94,4.69,4,5,6,5,65.67874316067913
29,24,4,93,90,7,4.29,0.98,6.13,1,4,13,2,100.0
21,4,3,84,96,2,6.0,0.87,6.76,5,5,5,5,75.39713173225137
41,10,3,86,76,6,3.43,0.17,6.99,9,5,11,3,56.94157771824092
40,1,3,51,47,9,4.57,0.05,5.37,8,2,3,5,51.896014954911436
33,23,5,93,46,7,5.54,0.58,6.0,8,4,9,4,100.0
48,14,2,60,53,5,6.07,0.91,7.89,5,3,11,3,83.62336819383277
36,5,4,93,95,9,9.84,0.18,8.71,9,1,8,2,92.50928939088053
49,7,5,50,94,8,8.66,0.01,8.31,3,4,12,2,87.2858883498103
33,4,4,78,42,6,8.16,0.81,6.82,3,3,3,4,79.37218638544995
34,15,4,67,89,9,6.76,0.08,6.05,1,4,7,1,98.99582490434824
23,17,2,44,55,4,8.88,0.41,5.66,9,3,9,1,67.27045726870209
49,5,3,56,94,7,5.38,0.68,4.62,6,3,8,2,52.867123436077286
26,4,2,95,58,1,7.96,0.24,4.53,2,4,2,4,72.3920870821105
38,15,5,59,90,6,9.96,0.08,7.44,8,2,6,1,86.07081224154783
39,12,5,80,57,3,5.2,0.77,5.3,9,4,3,5,68.70147724334595
25,4,5,85,91,8,7.72,0.63,5.27,9,4,7,2,69.39536529969928
35,12,2,97,55,0,8.91,0.99,8.99,2,3,8,5,100.0
45,16,4,51,47,6,9.41,0.34,4.94,2,1,8,4,100.0
22,17,4,45,99,5,8.03,0.06,4.74,7,3,4,5,95.54431756106065
30,7,1,56,72,7,4.99,0.73,4.49,4,5,8,1,59.87290958591977
44,12,5,90,88,4,5.28,0.52,6.9,1,4,6,1,84.34116153291579
38,18,4,58,51,0,3.15,0.21,7.14,8,4,9,3,58.017107168365655
47,2,1,65,92,0,8.33,0.78,5.83,2,2,13,2,64.25144273015954
33,23,4,87,50,8,3.3,0.2,6.68,3,3,9,4,99.24370147459878
25,7,5,83,44,9,9.05,0.26,7.94,5,2,8,2,87.09173413446818
43,1,3,83,66,5,3.83,0.09,8.09,3,4,7,5,74.10130626874013
44,7,5,91,51,9,4.2,0.4,8.79,7,3,3,4,73.7626694147944
21,12,2,71,56,4,6.34,0.42,8.12,7,3,7,4,79.16531043697155
42,12,4,45,45,0,8.17,0.51,6.82,2,5,14,1,62.0307107979707
21,0,4,94,72,5,3.97,0.71,4.9,7,5,13,5,56.409543592349685
38,5,2,97,44,5,6.08,0.91,4.5,6,1,12,1,67.66451430105438
35,23,2,75,96,2,6.38,0.14,4.27,10,5,10,1,87.93534162575807
37,18,3,77,67,7,4.49,0.05,7.33,9,3,3,3,71.40932810310441
31,15,4,50,53,0,3.81,0.02,8.04,9,5,2,1,40.35694626295442
41,7,4,72,44,0,8.85,0.14,6.54,2,1,12,2,63.18469375217986
46,0,3,63,93,5,6.52,0.66,4.27,7,4,14,4,68.33707172694291
45,15,1,62,95,9,3.1,0.73,6.68,5,5,6,1,76.0408561377713
42,8,3,54,98,0,8.62,0.79,8.68,6,3,12,2,70.36350780848139
47,12,5,66,72,5,9.87,0.24,6.99,1,4,7,5,100.0
47,10,4,50,89,0,7.24,0.31,8.05,7,3,4,4,77.53348363145042
37,12,2,96,87,5,6.53,0.48,8.0,6,4,9,5,100.0
33,24,5,90,80,2,9.15,0.06,8.66,4,3,8,2,100.0
21,20,4,89,58,7,9.67,0.61,7.85,1,5,3,5,100.0
22,9,3,56,61,5,8.28,0.98,7.74,9,5,13,5,74.76659071116437
29,3,5,90,44,0,6.12,0.36,5.17,4,1,8,5,63.359374624305886
23,5,4,92,98,4,7.15,0.75,4.3,2,4,2,1,79.1500936875678
21,6,1,53,41,7,7.91,0.5,6.59,8,1,10,1,59.41720328863143
41,4,1,66,69,2,4.36,0.13,4.62,2,2,14,1,54.013876237258636
36,10,2,57,86,5,6.13,0.58,8.81,5,5,8,4,76.63258477378518
43,12,4,67,78,4,8.81,0.3,5.45,6,4,7,2,90.95180658114984
26,24,1,90,43,5,7.58,0.03,8.26,8,1,14,1,94.41068770642336
48,18,3,86,72,9,5.88,0.63,5.94,1,1,3,5,100.0
37,22,4,86,52,0,7.64,0.86,5.62,1,2,4,5,100.0
25,9,3,43,59,6,3.83,0.34,8.68,4,1,2,5,67.55976301955175
25,9,3,46,93,8,5.81,0.39,5.82,5,3,11,5,83.89690980750893
26,10,1,84,46,1,8.55,0.89,5.95,9,5,14,3,66.16283922468875
23,20,4,74,54,9,4.54,0.81,4.53,7,1,6,4,100.0
41,6,5,87,62,4,4.3,0.71,7.35,7,1,10,2,69.07428189813434
43,17,1,48,53,9,9.66,0.25,5.44,8,2,14,2,84.01812272947404
25,3,1,47,62,3,4.47,0.91,6.93,5,3,7,1,46.694548140927
41,1,4,91,58,5,4.83,0.15,6.96,5,1,6,3,70.08205158108092
25,13,4,84,93,5,9.79,0.63,7.6,1,5,13,2,100.0
30,12,3,56,68,1,8.14,0.03,7.73,9,5,4,4,75.4827127765993
30,11,4,56,95,1,7.9,0.64,6.57,6,1,6,5,94.66414976972378
39,6,3,88,59,3,8.97,0.28,5.65,9,3,9,1,61.84786074387052
37,1,1,72,68,0,3.81,0.45,8.19,3,5,13,4,50.3421672122484
41,12,2,71,63,8,7.94,0.35,5.55,5,5,3,2,87.16664023537211
34,13,5,47,57,6,6.53,0.17,6.54,2,3,6,3,75.44737516682095
29,16,1,58,49,6,8.8,0.62,6.01,10,3,7,1,72.33096666742706
34,8,4,77,80,2,6.56,0.88,8.28,5,1,11,2,68.27820626848326
21,16,5,42,96,2,7.34,0.96,6.16,8,4,9,1,77.9378910149951
39,7,2,98,47,0,6.34,0.19,5.93,2,2,9,2,70.99208687748836
33,1,2,44,65,2,6.35,0.72,7.45,8,4,6,5,49.631868615466765
33,23,3,52,68,2,8.38,0.66,7.01,4,4,10,3,100.0
24,12,5,86,49,3,7.4,0.34,4.54,10,5,5,5,77.38257957270883
21,2,3,85,56,3,7.43,0.02,6.54,10,3,13,2,52.04483143793311
37,15,1,70,41,2,6.15,0.69,7.68,1,5,10,4,83.49678167598934
28,5,5,94,45,9,6.72,0.95,8.96,5,2,12,5,86.86758824266214
22,18,1,55,97,7,8.22,0.63,7.15,1,1,8,4,100.0
48,6,3,89,44,7,8.78,0.44,5.85,7,2,7,2,73.22392350065854
28,9,5,71,67,0,7.88,0.53,5.13,8,5,5,3,66.79528453872624
27,8,3,61,80,6,9.47,0.2,8.36,3,5,3,4,87.9750203399276
46,1,5,68,44,1,8.74,0.75,8.07,3,5,9,2,61.475574912059784
46,14,3,61,57,0,6.93,0.75,5.17,7,5,7,4,76.13482054020265
22,4,2,82,65,2,7.7,0.15,5.0,4,4,13,5,70.95344972629297
42,21,3,42,59,3,9.48,0.88,7.58,3,1,4,2,100.0
42,3,2,93,80,5,7.33,0.27,5.57,8,4,8,5,73.94260151246051
23,19,3,49,88,9,8.77,0.98,5.53,3,5,11,1,100.0
47,3,5,81,66,4,7.82,0.38,4.76,7,3,8,2,58.804022796863265
38,17,5,60,88,3,6.86,0.18,5.32,2,4,7,4,89.70798056311911
32,3,5,55,51,7,4.69,0.35,6.14,1,5,3,1,51.661332535358035
21,16,4,51,46,3,5.98,0.44,7.66,6,5,9,5,72.2679212057602
42,11,1,41,98,9,9.77,0.07,5.68,8,1,2,5,100.0
32,21,5,80,42,1,7.6,0.58,5.64,1,2,14,4,100.0
25,16,2,63,49,2,6.95,0.6,5.42,10,4,2,1,59.53057728029711
47,9,5,74,73,5,9.53,0.74,6.39,9,4,7,3,88.01768519011992
45,21,4,95,64,7,7.11,0.03,4.9,3,4,6,4,100.0
37,0,2,69,74,7,6.68,0.54,6.43,3,5,10,5,69.41831174371916
36,21,4,96,55,8,8.32,0.05,7.52,4,1,14,2,100.0
35,23,2,69,41,6,7.99,0.7,4.15,1,5,13,1,100.0
43,17,3,86,99,1,4.35,0.06,4.05,9,5,8,3,87.41122070823039
35,17,1,74,63,7,6.3,0.91,4.38,3,3,3,2,88.58939067834784
25,13,1,58,49,6,6.31,0.7,6.68,10,1,14,1,59.50209479173204
41,14,4,89,77,7,5.65,0.51,8.27,4,4,13,4,95.59170670772451
34,11,1,47,61,2,6.62,0.44,4.02,1,2,8,4,79.40636491118572
22,3,4,65,65,6,5.89,0.13,8.68,4,4,4,1,49.95609673083343
31,2,4,88,82,9,4.4,0.29,4.53,1,5,2,3,72.97124481494356
